N,oos_weight,noRS,RS,delta_abs,delta_pct
10,0.3,388265.05,388265.05,0,0
10,0.5,383145.4,383145.4,0,0
10,0.7,380059.05,380059.05,0,0
20,0.3,387378.1,385797.5,-1580.6,-0.409696797
20,0.5,382904.7,381542.1,-1362.6,-0.357129659
20,0.7,380779.6,379654.25,-1125.35,-0.296414435
40,0.3,385059,385235.8,176.8,0.045893969
40,0.5,381088.35,381283.15,194.8,0.05109064
40,0.7,379583.25,379814.05,230.8,0.060766578